Отчет Суммы по организациям;;;;;;;;;;;;;;;;
Без заявок: Нет;;;;;;;;;;;;;;;;
№;Название;ИНН;Менеджер;Всего кол-во;Всего сумма;ПРОФ кол-во;ПРОФ сумма;ЛМК кол-во;ЛМК сумма;Справки кол-во;Справки сумма;Лечение кол-во;Лечение сумма;Себестоимость;Маржинальность;Маржинальность %
;ИТОГО:;;;5137;32611767.06;2385;3944300;1566;3336195;634;785900;552;24545372.06;2034076.65;3020233.35;
1;"1 ООО ""ГК НОВИКОВ""";7704544850;Боташева (1);19;15000;1;;18;15000;;;;;33960;-18960;- 126.40
2;OOO «ДИАЛЛ АЛЬЯНС»;7716182080;Корнилова (6);2;3300;;;;;;;2;3300;#Н/Д;#Н/Д;
3;"Автошкола ""СтрелаАвто""";5006014136;Бурина (10);4;6800;;;;;4;6800;;;0;6800; 100.00
4;"АНО ""ИМБИИТ""";7704547843;Боташева (1);6;15000;6;15000;;;;;;;0;15000; 100.00
5;"АО ""766 УПТК""";5024076350;Якубжанова Екатерина (3);1;2200;1;2200;;;;;;;0;2200; 100.00
6;"АО ""АВТО-ЕВРО""";7712035729;Якубжанова Екатерина (3);10;14800;6;10800;;;4;4000;;;#Н/Д;#Н/Д;
7;"АО ""АЭРОМАКС-ТЕХ""";9704154772;Боташева (1);1;1700;1;1700;;;;;;;0;1700; 100.00
8;"АО ""БИОМИР СЕРВИС""";7720254770;Якубжанова Екатерина (3);24;20100;2;4400;22;15700;;;;;43430;-23330;- 116.07
9;"АО ""ГЦМО ЭМС""";7736057802;Якубжанова Екатерина (3);1;2500;1;2500;;;;;;;0;2500; 100.00
10;"АО ИК ""АК БАРС ФИНАНС""";7706537061;Боташева (1);4;8600;2;5000;;;2;3600;;;0;8600; 100.00
11;"АО ""МЗСС""";7728423036;Боташева (1);14;35000;;;;;14;35000;;;#Н/Д;#Н/Д;
12;"АО ""НПП ""ТОРИЙ""";7728328640;Боташева (1);157;280800;156;280800;;;1;;;;0;280800; 100.00
13;"АО ""ПГМ""";7723015587;Якубжанова Екатерина (3);2;4400;2;4400;;;;;;;0;4400; 100.00
14;"АО ""РЖДСТРОЙ""";7708587205;Якубжанова Екатерина (3);20;40000;20;40000;;;;;;;0;40000; 100.00
15;АО «РОЛЬФ»;5047254063;Боташева (1);191;222100;99;148500;;;92;73600;;;0;222100; 100.00
16;"АО ""СИЛД ЭЙР КАУСТИК""";3448003994;Якубжанова Екатерина (3);1;3900;;;1;3900;;;;;3160;740; 18.97
17;"АО ""СОВТРАНСАВТОЭКСПЕДИЦИЯ""";7729038069;Якубжанова Екатерина (3);3;5400;3;5400;;;;;;;0;5400; 100.00
18;"АО ""СТРОЙКОМ""";5036151517;Боташева (1);1;2200;1;2200;;;;;;;0;2200; 100.00
19;"АО ""ТК ""БЕЗОПАСНОСТЬ""";7731396110;Якубжанова Екатерина (3);1;2500;1;2500;;;;;;;0;2500; 100.00
20;"АО ""ФИРМА ""ГЕЛИЙ""";7702022939;Якубжанова Екатерина (3);2;5600;;;2;5600;;;;;4320;1280; 22.86
21;"АО ""ФМ-КРАФТ""";7729412580;Якубжанова Екатерина (3);1;2200;1;2200;;;;;;;0;2200; 100.00
22;Биглион;;Бурина (10);24;21270;;;;;;;24;21270;0;21270; 100.00
23;ГБОУ ШКОЛА № 1679;7743084684;Якубжанова Екатерина (3);6;3000;2;;2;;2;3000;;;2890;110; 3.67
24;"ГБУ ""ЖИЛИЩНИК ДОНСКОГО РАЙОНА""";7725815123;Боташева (1);151;226500;148;222000;;;3;4500;;;#Н/Д;#Н/Д;
25;"ГБУК Г. МОСКВЫ МДТ ""БЕНЕФИС""";7728039292;Боташева (1);6;13200;6;13200;;;;;;;0;13200; 100.00
26;"ЗАО ""ЭНЕРГОСТРОЙ""";6674357664;Якубжанова Екатерина (3);3;4800;2;3600;;;1;1200;;;0;4800; 100.00
27;ИГЕМ РАН;7706042076;Якубжанова Екатерина (3);70;199800;53;159000;;;17;40800;;;0;199800; 100.00
28;ИП Асриян Сюзанна Сейрановна;503230530330;Боташева (1);8;23900;;;8;23900;;;;;18580;5320; 22.26
29;ИП Бегджанян Арман Арташесович;503226867490;Боташева (1);1;2700;;;1;2700;;;;;2160;540; 20.00
30;ИП Бородина Ксения Анатольевна;500908267147;Якубжанова Екатерина (3);3;8400;;;3;8400;;;;;6480;1920; 22.86
31;ИП Газдаров Заурбек Эдуардович;151505622200;Якубжанова Екатерина (3);1;;;;1;;;;;;2060;-2060;
32;ИП Додонова Виктория Владимировна;561400413133;Якубжанова Екатерина (3);14;30800;14;30800;;;;;;;0;30800; 100.00
33;ИП Жженых Андрей Любомирович;143501042326;Боташева (1);1;2600;;;1;2600;;;;;3310;-710;- 27.31
34;ИП Касьянова Берта Эриковна;262608385425;Боташева (1);1;2400;;;1;2400;;;;;1890;510; 21.25
35;ИП Коренев Алексей Александрович;772405304572;Боташева (1);1;;;;1;;;;;;2070;-2070;
36;ИП Лихачев Василий Петрович;110116644998;Боташева (1);2;1800;1;1800;1;;;;;;1990;-190;- 10.56
37;ИП Пак Николай Юрьевич;540862579428;Якубжанова Екатерина (3);5;12400;;;5;12400;;;;;#Н/Д;#Н/Д;
38;ИП Столяров Евгений Сергеевич;550605633519;Якубжанова Екатерина (3);150;103100;;;;;150;103100;;;#Н/Д;#Н/Д;
39;ИП Торицын Алексей Юрьевич;27902114820;Якубжанова Екатерина (3);2;5600;;;2;5600;;;;;4400;1200; 21.43
40;ИП Якубжанов Тимур Собирович;621601374604;Якубжанова Екатерина (3);1;;;;1;;;;;;2240;-2240;
41;МОЯ СМЕНА (БЕЗ НАПРАВЛЕНИЙ);;Якубжанова Екатерина (3);5;10500;;;5;10500;;;;;8480;2020; 19.24
42;МФТИ, ФИЗТЕХ;5008006211;Якубжанова Екатерина (3);248;457200;164;331200;;;84;126000;;;#Н/Д;#Н/Д;
43;"ОДИНЦОВСКОЕ ГО МОО ОО ""ВОА""";5032000997;Боташева (1);6;13200;6;13200;;;;;;;0;13200; 100.00
44;"ООО ""АВТО ПОСТАВКА""";7716909664;Якубжанова Екатерина (3);1;1800;1;1800;;;;;;;#Н/Д;#Н/Д;
45;"ООО ""АИС ВИДЕО""";5902167864;Якубжанова Екатерина (3);2;4000;1;2200;;;1;1800;;;0;4000; 100.00
46;"ООО ""АКАДЕМОПТИКА""";7736327505;Боташева (1);10;15800;1;2000;9;13800;;;;;16160;-360;- 2.28
47;"ООО ""АЛЬФАФАРМ""";7708311020;Якубжанова Екатерина (3);21;;10;;11;;;;;;17830;-17830;
48;"ООО ""АЛЬЯНС""";7604285908;Якубжанова Екатерина (3);1;1600;;;1;1600;;;;;1000;600; 37.50
49;"ООО ""АЛЬЯНССТАФИНВЕСТ""";5905048544;Боташева (1);3;6000;3;6000;;;;;;;#Н/Д;#Н/Д;
50;"ООО ""АНТИКОРСЕРВИС""";7715593802;Боташева (1);8;16400;7;15400;;;1;1000;;;0;16400; 100.00
51;"ООО ""АПХ ЭКО-КУЛЬТУРА""";2609024001;Якубжанова Екатерина (3);2;4000;1;2500;;;1;1500;;;0;4000; 100.00
52;"ООО ""АСПАСВИТ""";7707276006;Боташева (1);6;11700;;;6;11700;;;;;12480;-780;- 6.67
53;"ООО ""АССЕМРУС""";7724609706;Якубжанова Екатерина (3);5;11000;;;;;;;5;11000;#Н/Д;#Н/Д;
54;"ООО ""АСТОРИЯ""";5017111580;Якубжанова Екатерина (3);4;6000;1;2200;3;3800;;;;;6190;-190;- 3.17
55;"ООО ""АТЕХ""";5032306992;Боташева (1);17;30600;17;30600;;;;;;;0;30600; 100.00
56;"ООО ""АЭРОПЛАН КОФЕ""";9705207392;Якубжанова Екатерина (3);1;2800;;;1;2800;;;;;2160;640; 22.86
57;"ООО ""БАЗОН""";7725766758;Якубжанова Екатерина (3);3;;1;;2;;;;;;900;-900;
58;"ООО ""БЕСТ""";7731384891;Якубжанова Екатерина (3);32;68100;6;13200;26;54900;;;;;48600;19500; 28.63
59;ООО Бирюлево ритейл;7723484719;Боташева (1);168;243000;15;;153;243000;;;;;311933.33;-68933.33;- 28.37
60;"ООО ""БК РУС""";7751169155;Боташева (1);9;19800;9;19800;;;;;;;0;19800; 100.00
61;"ООО ""БОМББАР""";6320026672;Якубжанова Екатерина (3);2;4600;1;1800;1;2800;;;;;2160;2440; 53.04
62;"ООО ""БЬЮТИЛОГИЯ""";7751144496;Якубжанова Екатерина (3);2;;1;;1;;;;;;2180;-2180;
63;"ООО ""ВАБ-ГРУПП""";5029228430;Якубжанова Екатерина (3);2;4400;2;4400;;;;;;;0;4400; 100.00
64;"ООО ""ВИСИЭС ГИДРО""";7806425957;Якубжанова Екатерина (3);15;33000;15;33000;;;;;;;0;33000; 100.00
65;"ООО ""ВКУСТРАНС""";5074055797;Якубжанова Екатерина (3);9;15500;3;6000;3;5000;3;4500;;;5520;9980; 64.39
66;"ООО ""ГАРАНТ ПРЕМИУМ""";7751182406;Якубжанова Екатерина (3);14;;7;;7;;;;;;8790;-8790;
67;"ООО ""ГЕМОТЕСТ-ЛАБ""";5029237040;Якубжанова Екатерина (3);7;16100;;;7;16100;;;;;12250;3850; 23.91
68;"ООО ""ГИППОРУБЕР""";7751522684;Якубжанова Екатерина (3);20;;10;;10;;;;;;20200;-20200;
69;"ООО ""ГК""";7743299249;Якубжанова Екатерина (3);1;2200;1;2200;;;;;;;0;2200; 100.00
70;"ООО ""ГК ГРУПП""";7733365809;Боташева (1);84;104650;32;48000;52;56650;;;;;38700;65950; 63.02
71;"ООО ""ГЛИЦИНИЯ""";9731062471;Боташева (1);44;117200;;;44;117200;;;;;97380;19820; 16.91
72;"ООО ""ГОЛЛИВУД-СТОМАТОЛОГИЯ""";7717155730;Якубжанова Екатерина (3);5;9300;2;;3;9300;;;;;5160;4140; 44.52
73;"ООО ""ГРАВИОН-КОНСТРАКШН""";7743130595;Боташева (1);1;1800;1;1800;;;;;;;0;1800; 100.00
74;"ООО ""ГРАНАТ ФУД""";5032322850;Боташева (1);10;28900;;;10;28900;;;;;21640;7260; 25.12
75;"ООО ""ГРЕЙС""";7729776860;Боташева (1);21;57200;;;21;57200;;;;;43700;13500; 23.60
76;"ООО ""ДАРА ДЕНТАЛ""";7736610921;Боташева (1);2;7000;;;2;7000;;;;;4170;2830; 40.43
77;"ООО ""ДЕКОРСТРОЙ""";7743891590;Якубжанова Екатерина (3);2;4400;2;4400;;;;;;;0;4400; 100.00
78;"ООО ""ДЕТСКАЯ ЗДРАВНИЦА ИМЕНИ ГАГАРИНА""";7705964350;Якубжанова Екатерина (3);3;5500;1;;1;4000;1;1500;;;2160;3340; 60.73
79;"ООО ""ДЖЕНГУРО""";5024203312;Якубжанова Екатерина (3);6;12400;2;4400;4;8000;;;;;6060;6340; 51.13
80;"ООО ""ДИДИИКС СБ""";7734438312;Якубжанова Екатерина (3);19;7000;7;7000;12;;;;;;24780;-17780;- 254.00
81;"ООО ""ДКТ""";9705149937;Якубжанова Екатерина (3);8;19000;;;8;19000;;;;;13700;5300; 27.89
82;"ООО ""ДОКТОР ЛИНЗ""";7701616802;Якубжанова Екатерина (3);7;13100;2;2000;5;11100;;;;;8010;5090; 38.85
83;"ООО ""ДОКТОР ЛИНЗ КОНСАЛТИНГ""";7718996327;Боташева (1);2;2800;;;2;2800;;;;;#Н/Д;#Н/Д;
84;"ООО ""ДОКТОР ЛИНЗ - М""";7718594346;Боташева (1);6;9580;2;3600;4;5980;;;;;7310;2270; 23.70
85;"ООО ""ДОКТОР ЛИНЗ ПЛЮС""";7718975253;Якубжанова Екатерина (3);3;5700;;;3;5700;;;;;4580;1120; 19.65
86;"ООО ""ЗДОРОВ.РУ""";7708825604;Якубжанова Екатерина (3);13;1500;6;1500;7;;;;;;8380;-6880;- 458.67
87;"ООО ""ЗЕНОН-МСК""";5036167115;Якубжанова Екатерина (3);2;4400;2;4400;;;;;;;0;4400; 100.00
88;"ООО ""ЗТИ-М""";5024160154;Якубжанова Екатерина (3);1;1800;1;1800;;;;;;;0;1800; 100.00
89;"ООО ""ИГТ-СЕРВИС""";7729497400;Якубжанова Екатерина (3);2;4400;2;4400;;;;;;;0;4400; 100.00
90;"ООО ""ИЛОН""";7734418612;Якубжанова Екатерина (3);16;11600;9;8000;4;;3;3600;;;7210;4390; 37.84
91;"ООО ""ИНДУСТРИЯ КРАСОТЫ""";9702024094;Боташева (1);3;2200;2;2200;1;;;;;;#Н/Д;#Н/Д;
92;"ООО ""ИННОВАЦИОННАЯ МЕДИЦИНА""";9706000111;Якубжанова Екатерина (3);43;105000;36;79200;7;25800;;;;;13300;91700; 87.33
93;"ООО ""ИНТЕРНЕТ РЕШЕНИЯ""";7704217370;Якубжанова Екатерина (3);188;612600;4;5600;165;584200;19;22800;;;#Н/Д;#Н/Д;
94;"ООО ""ИНФОЛЭНД""";7701629463;Якубжанова Екатерина (3);15;31400;11;24200;;;4;7200;;;0;31400; 100.00
95;"ООО ""ИРИАЛ""";7731142204;Боташева (1);2;3500;1;1000;1;2500;;;;;2160;1340; 38.29
96;"ООО ""КАПУЧИНО""";9728036094;Якубжанова Екатерина (3);8;28000;;;8;28000;;;;;18920;9080; 32.43
97;"ООО ""КЛИНИКА НА ЛЕНИНСКОМ""";7736683574;Якубжанова Екатерина (3);2;5800;;;2;5800;;;;;3110;2690; 46.38
98;"ООО ""КНГК""";9725079004;Якубжанова Екатерина (3);5;11000;5;11000;;;;;;;0;11000; 100.00
99;"ООО ""КНГК-ИНПЗ""";2308128110;Якубжанова Екатерина (3);10;22000;10;22000;;;;;;;#Н/Д;#Н/Д;
100;"ООО ""КОКУР""";5321181277;Боташева (1);40;59700;16;;24;59700;;;;;49890;9810; 16.43
101;"ООО ""КОЛЛЕКЦИЯ ПРИКЛЮЧЕНИЙ""";7730134747;Боташева (1);1;;;;;;;;1;;0;0;
102;"ООО ""КОМПАС""";3906143638;Якубжанова Екатерина (3);12;24000;;;;;;;12;24000;5400;18600; 77.50
103;"ООО ""КОМПЛЕКС""";5003066249;Боташева (1);292;445000;252;397000;;;40;48000;;;0;445000; 100.00
104;"ООО ""КОМПОЗИТ""";5027239243;Якубжанова Екатерина (3);1;;1;;;;;;;;0;0;
105;"ООО ""КРЕАТИВИКФОТО""";7728893289;Якубжанова Екатерина (3);40;85600;;;40;85600;;;;;74730;10870; 12.70
106;"ООО ""КРЕЙВ МОСКОУ""";9709013091;Якубжанова Екатерина (3);1;2200;1;2200;;;;;;;0;2200; 100.00
107;"ООО КРЦ ""СТУПЕНЬКИ""";7751141858;Якубжанова Екатерина (3);13;39000;13;39000;;;;;;;0;39000; 100.00
108;"ООО ""КУБИК""";5024215773;Якубжанова Екатерина (3);10;22000;10;22000;;;;;;;0;22000; 100.00
109;"ООО ""КУРЬЕР-РЕГИОН СТОЛИЦА""";7729745149;Боташева (1);1;2200;1;2200;;;;;;;0;2200; 100.00
110;"ООО ""ЛДВ ГРУПП""";5047252436;Якубжанова Екатерина (3);15;27200;15;27200;;;;;;;#Н/Д;#Н/Д;
111;"ООО ""ЛЕНТА""";7814148471;Корнилова (6);1;2000;;;1;2000;;;;;1000;1000; 50.00
112;"ООО ""ЛЕПТА КАПИТАЛ""";2308120632;Якубжанова Екатерина (3);1;2200;1;2200;;;;;;;0;2200; 100.00
113;"ООО ""ЛЕТО""";7734459658;Якубжанова Екатерина (3);9;18600;;;6;15000;3;3600;;;10260;8340; 44.84
114;"ООО ""ЛИГА РОБОТОВ МОСКВА""";9701183415;Якубжанова Екатерина (3);3;7300;;;3;7300;;;;;5260;2040; 27.95
115;"ООО ""ЛИДЕРЛАЙФ""";7724823072;Якубжанова Екатерина (3);13;27000;;;9;22200;4;4800;;;26800;200; .74
116;"ООО ""ЛИТА МЕДИКАЛ""";7728815890;Якубжанова Екатерина (3);4;3000;;;4;3000;;;;;8150;-5150;- 171.67
117;"ООО ""ЛОГИНОФ СТОЛИЦА""";2508128967;Якубжанова Екатерина (3);1;1600;1;1600;;;;;;;0;1600; 100.00
118;"ООО ""ЛОНДОН ГЕЙТС ЛИМИТЕД""";7704393625;Боташева (1);3;4400;1;1800;2;2600;;;;;5050;-650;- 14.77
119;"ООО ""МАМАОК""";9705175920;Якубжанова Екатерина (3);2;5900;;;2;5900;;;;;4050;1850; 31.36
120;"ООО ""МАРУГА""";7708656850;Боташева (1);6;;;;6;;;;;;10560;-10560;
121;"ООО ""МАССАЖБАР""";7722495637;Боташева (1);1;2500;;;1;2500;;;;;2160;340; 13.60
122;"ООО ""МАСТЕР ПЛЮС""";5032190498;Якубжанова Екатерина (3);41;76200;21;46200;;;20;30000;;;0;76200; 100.00
123;"ООО ""МБ-СТРОЙ""";6164108822;Якубжанова Екатерина (3);1;2200;1;2200;;;;;;;0;2200; 100.00
124;"ООО ""МГСС""";7706300993;Якубжанова Екатерина (3);1;2200;1;2200;;;;;;;#Н/Д;#Н/Д;
125;"ООО ""МЕДИКАЛ СИТИ""";9729311240;Якубжанова Екатерина (3);4;;2;;2;;;;;;6350;-6350;
126;"ООО ""МЗС""";4027135098;Якубжанова Екатерина (3);4;7200;4;7200;;;;;;;0;7200; 100.00
127;"ООО ""МИЛАНА""";7751143598;Якубжанова Екатерина (3);3;;1;;2;;;;;;1200;-1200;
128;"ООО ""МИЛЛХАУС""";5017107495;Якубжанова Екатерина (3);16;56700;;;16;56700;;;;;37620;19080; 33.65
129;"ООО ""МКНТ ИМПОРТ""";7725529940;Якубжанова Екатерина (3);8;22400;;;8;22400;;;;;15820;6580; 29.38
130;"ООО ""МОДЕРНА""";5027239204;Якубжанова Екатерина (3);2;;1;;1;;;;;;2160;-2160;
131;"ООО ""МОСРЕМСТРОЙ""";7728865475;Боташева (1);3;5000;1;2000;;;2;3000;;;0;5000; 100.00
132;"ООО ""МСК Д 1""";9709072731;Якубжанова Екатерина (3);1;2700;;;1;2700;;;;;2060;640; 23.70
133;"ООО ""НВ-МЕДИКА""";9709078275;Якубжанова Екатерина (3);1;80000;;;;;;;1;80000;0;80000; 100.00
134;"ООО ""НЕВА""";7810422388;Якубжанова Екатерина (3);6;9800;3;3000;3;6800;;;;;6670;3130; 31.94
135;"ООО ""НОРДФАРМ""";7708311380;Якубжанова Екатерина (3);2;;1;;1;;;;;;1890;-1890;
136;"ООО ""НТЦ""ПГТИ""";9309025670;Якубжанова Екатерина (3);2;4400;2;4400;;;;;;;0;4400; 100.00
137;"ООО ""НТЦ ""ТПМ""";6229098621;Якубжанова Екатерина (3);3;7500;3;7500;;;;;;;0;7500; 100.00
138;"ООО ""НУТТИС""";7726386741;Якубжанова Екатерина (3);1;4000;;;1;4000;;;;;2240;1760; 44.00
139;"ООО ""НЭКСПО ГРУПП""";7727773165;Якубжанова Екатерина (3);4;6600;3;6600;1;;;;;;2160;4440; 67.27
140;"ООО ""ОБЕРОН""";7722283103;Якубжанова Екатерина (3);15;31000;10;22000;;;5;9000;;;0;31000; 100.00
141;"ООО ""ОКНА МАСТЕР""";7723200195;Боташева (1);31;42000;16;24000;;;15;18000;;;0;42000; 100.00
142;"ООО ""ОЛИМП""";5029236953;Якубжанова Екатерина (3);1;1400;1;1400;;;;;;;0;1400; 100.00
143;"ООО ""ОЛИМП-КЭМП""";5022061461;Боташева (1);8;9450;;;3;7300;1;800;4;1350;7130;2320; 24.55
144;"ООО ""ОМЕГА""";7722499021;Якубжанова Екатерина (3);4;;2;;2;;;;;;4360;-4360;
145;"ООО ""ОСТРОВ ГЕРОЕВ""";7728806293;Боташева (1);2;4000;;;2;4000;;;;;3440;560; 14.00
146;"ООО ""ПАНАВТО""";7703618121;Якубжанова Екатерина (3);1;1200;1;1200;;;;;;;#Н/Д;#Н/Д;
147;"ООО ""ПЕРФЕКТУАЛЬ""";7751177484;Якубжанова Екатерина (3);6;10400;3;6600;3;3800;;;;;5010;5390; 51.83
148;"ООО ""ПИНТАКЛАБ""";7751019826;Якубжанова Екатерина (3);2;30800;;;;;;;2;30800;#Н/Д;#Н/Д;
149;"ООО ""ПИЩЕВЫЕ ТЕХНОЛОГИИ""";7805791661;Боташева (1);1;1700;;;1;1700;;;;;1000;700; 41.18
150;"ООО ""ПЛАНЕТА СЕРВИС""";7706739043;Якубжанова Екатерина (3);8;13700;2;4800;5;7700;1;1200;;;8850;4850; 35.40
151;"ООО ""ПОЛАР""";7726452218;Боташева (1);22;24675;11;;11;24675;;;;;22200;2475; 10.03
152;"ООО ""ПРЕДПРИЯТИЕ № 4001 РЦПП""";7730093089;Корнилова (6);6;9600;3;6600;;;3;3000;;;0;9600; 100.00
153;"ООО ""ПРЕМИУМ ЛАЗЕР""";7724438994;Якубжанова Екатерина (3);4;;1;;3;;;;;;6350;-6350;
154;"ООО ""ПРОПТИМАЙЗ""";5032320845;Якубжанова Екатерина (3);5;11000;5;11000;;;;;;;0;11000; 100.00
155;"ООО ПСК ""БРИГ""";275907386;Боташева (1);24;41800;13;28600;;;11;13200;;;0;41800; 100.00
156;"ООО ПТК ""АКЭЛ""";9718068435;Якубжанова Екатерина (3);6;10500;3;6000;;;3;4500;;;0;10500; 100.00
157;"ООО ""РОЛЬФ МОТОРС""";7715586594;Боташева (1);44;51300;23;34500;;;21;16800;;;0;51300; 100.00
158;"ООО ""РТК ИБ""";7704356648;Якубжанова Екатерина (3);23;57500;;;;;23;57500;;;#Н/Д;#Н/Д;
159;"ООО ""РУСЭНЕРГОПРОМ""";7725766980;Якубжанова Екатерина (3);4;6760;;;;;;;4;6760;#Н/Д;#Н/Д;
160;"ООО ""САНТОРИНИ""";7751209841;Якубжанова Екатерина (3);1;2200;1;2200;;;;;;;0;2200; 100.00
161;"ООО ""СЕЛЕКТ""";7723795873;Якубжанова Екатерина (3);62;117400;25;59000;19;36800;18;21600;;;28660;88740; 75.59
162;"ООО ""СЕРКОНС ЭКО""";7736315732;Якубжанова Екатерина (3);22;40000;11;25000;11;15000;;;;;21900;18100; 45.25
163;"ООО ""СИАРСИСИ РУС""";7730212723;Якубжанова Екатерина (3);3;7500;;;;;3;7500;;;0;7500; 100.00
164;"ООО ""СИНГЛ САЙТ МЕДИА""";7720709509;Боташева (1);1;2500;;;1;2500;;;;;2160;340; 13.60
165;"ООО ""СК""";1841071410;Боташева (1);15;43195;9;15300;;;;;6;27895;0;43195; 100.00
166;"ООО ""СК №1""";7717728371;Якубжанова Екатерина (3);11;24200;11;24200;;;;;;;0;24200; 100.00
167;"ООО ""СКАЛАЛЭНД СКАЗКА""";9710120500;Якубжанова Екатерина (3);2;2700;;;2;2700;;;;;4050;-1350;- 50.00
168;"ООО ""СКК""";7733797051;Боташева (1);29;59100;7;8400;22;50700;;;;;50573.32;8526.68; 14.43
169;"ООО ""СК КРОНОС""";4003035721;Якубжанова Екатерина (3);34;65000;20;44000;;;14;21000;;;0;65000; 100.00
170;"ООО ""СМАРТ""";7721336497;Боташева (1);7;9600;;;3;4900;1;800;3;3900;7230;2370; 24.69
171;"ООО ""СОЛАР СЕКЬЮРИТИ""";7718099790;Якубжанова Екатерина (3);19;47500;;;;;19;47500;;;#Н/Д;#Н/Д;
172;"ООО ""СОЮЗ""";5017089119;Боташева (1);2;3400;2;3400;;;;;;;0;3400; 100.00
173;"ООО ""СОЮЗ-ВИНО""";2337028367;Якубжанова Екатерина (3);55;129800;32;70400;23;59400;;;;;51800;78000; 60.09
174;"ООО ""С-ПРИНТ""";7447165728;Боташева (1);1;;1;;;;;;;;0;0;
175;"ООО ""СТАНДАРТ""";5009085054;Боташева (1);2;6250;;;2;6250;;;;;4750;1500; 24.00
176;"ООО ""СТОУНХЕНДЖ ИНДАСТРИАЛ ФЛОРИНГ""";7724341262;Якубжанова Екатерина (3);1;2200;1;2200;;;;;;;0;2200; 100.00
177;"ООО ""СТРАНА ОЗ""";7734674750;Боташева (1);5;5300;;;2;2500;;;3;2800;7480;-2180;- 41.13
178;"ООО ""СТРОЙЛИНИЯ""";5032249286;Боташева (1);11;29700;;;11;29700;;;;;24760;4940; 16.63
179;"ООО ""СТРОЙМОНОЛИТ""";9718088833;Боташева (1);12;15600;12;15600;;;;;;;0;15600; 100.00
180;"ООО ""СТС-ИНЖИНИРИНГ""";5032261660;Боташева (1);1;2500;1;2500;;;;;;;0;2500; 100.00
181;"ООО ""СЦ ДЕНТЕКС""";9729014022;Якубжанова Екатерина (3);7;16800;7;16800;;;;;;;0;16800; 100.00
182;"ООО ""ТАЛМЕР""";7715990824;Боташева (1);2;3600;2;3600;;;;;;;0;3600; 100.00
183;"ООО ""ТД МЕБЕЛЬ""";5040134948;Якубжанова Екатерина (3);2;4500;1;2000;1;2500;;;;;2160;2340; 52.00
184;"ООО ""ТЕХНОФАРМ""";7708284070;Якубжанова Екатерина (3);11;;5;;6;;;;;;8540;-8540;
185;"ООО ""ТИМ-ПРОФИ""";1841102605;Боташева (1);850;1585300;536;801000;314;784300;;;;;#Н/Д;#Н/Д;
186;"ООО ""ТИНА МЕДИКАЛ""";7729760002;Якубжанова Екатерина (3);3;3000;;;3;3000;;;;;6920;-3920;- 130.67
187;"ООО ""ТНОМЕР-РЕМОНТ""";5050143691;Якубжанова Екатерина (3);8;16000;8;16000;;;;;;;0;16000; 100.00
188;"ООО ""ТРАНСЛОГИСТИК""";5032138787;Боташева (1);54;76800;54;76800;;;;;;;0;76800; 100.00
189;"ООО ТУРОПЕРАТОР ДЕТСКОГО ОТДЫХА ""ВУАЛЯ""";7726611997;Якубжанова Екатерина (3);9;14900;;;6;11300;3;3600;;;12220;2680; 17.99
190;"ООО ""УК АСК ГРУПП""";1841038438;Боташева (1);8;13600;8;13600;;;;;;;0;13600; 100.00
191;"ООО ""УК ""ПРЕИМУЩЕСТВО""";7731297208;Якубжанова Екатерина (3);4;7200;4;7200;;;;;;;0;7200; 100.00
192;"ООО ""УМНЫЙ РИТЕЙЛ""";7811657720;Якубжанова Екатерина (3);203;336100;54;;149;336100;;;;;283360;52740; 15.69
193;"ООО УОД ""ТРАНСИНЖСТРОЯ""";5032261981;Боташева (1);25;42200;8;12000;17;30200;;;;;24610;17590; 41.68
194;"ООО ""ФАСАД СТРОЙ""";5044094414;Якубжанова Екатерина (3);1;79200;;;;;;;1;79200;#Н/Д;#Н/Д;
195;"ООО ""ФЕРРОМОНТ РАША""";7726682980;Якубжанова Екатерина (3);82;174800;74;162800;;;8;12000;;;#Н/Д;#Н/Д;
196;"ООО ""ФИОЛЕНТ""";7708403698;Якубжанова Екатерина (3);4;11200;;;4;11200;;;;;9280;1920; 17.14
197;"ООО ""ФИОРА""";5027239229;Якубжанова Екатерина (3);8;3000;4;3000;4;;;;;;8440;-5440;- 181.33
198;"ООО ""ФИТНЕС ДОМ""";7736538400;Якубжанова Екатерина (3);28;41400;;;;;;;28;41400;0;41400; 100.00
199;"ООО ""ФМ-ИНЖИНИРИНГ""";7728809907;Якубжанова Екатерина (3);25;55000;25;55000;;;;;;;0;55000; 100.00
200;"ООО ""ФМ-ЭСТЕЙТ""";7729681294;Якубжанова Екатерина (3);18;39600;18;39600;;;;;;;0;39600; 100.00
201;"ООО ""ФОРТЕЗА""";5027240150;Якубжанова Екатерина (3);8;;4;;4;;;;;;10800;-10800;
202;"ООО ""ФЭШН РЕБЕЛС""";7707456288;Боташева (1);1;3000;;;1;3000;;;;;2160;840; 28.00
203;"ООО ""ЦЕНТР ТЕРАПИИ БОЛИ ""ФАРМАТЕБ""";7707501332;Боташева (1);18;5400;;;;;;;18;5400;0;5400; 100.00
204;"ООО ""ЦКПЗ""";9727004879;Якубжанова Екатерина (3);2;;1;;1;;;;;;1990;-1990;
205;"ООО ""ЦСИ""";9729287823;Якубжанова Екатерина (3);5;18900;;;5;18900;;;;;11350;7550; 39.95
206;"ООО ""ЧЕТЫРЕ ПИВОВАРА МСК""";3300001988;Боташева (1);3;8300;;;3;8300;;;;;6380;1920; 23.13
207;"ООО ЧОО ""АГЕНТСТВО БЕЗОПАСНОСТИ ""СБП ""ПРЕЗИДЕНТ""";7703402370;Якубжанова Екатерина (3);8;18000;4;8800;3;7200;1;2000;;;4880;13120; 72.89
208;"ООО ЧОО ""МИГ-2003""";7725242151;Якубжанова Екатерина (3);5;14000;;;5;14000;;;;;10920;3080; 22.00
209;"ООО ""ШЕЛЛ МЕНЕДЖМЕНТ""";2312315634;Якубжанова Екатерина (3);2;4400;2;4400;;;;;;;0;4400; 100.00
210;"ООО ""ЭВЕНТ""";7716580242;Якубжанова Екатерина (3);4;23200;;;;;;;4;23200;0;23200; 100.00
211;"ООО ""ЭЙ-БИ-ТАЕРС""";7725499573;Боташева (1);6;8100;3;4500;;;3;3600;;;0;8100; 100.00
212;"ООО ""ЭКЛИПС""";7730668900;Якубжанова Екатерина (3);3;6600;3;6600;;;;;;;#Н/Д;#Н/Д;
213;"ООО ""ЭКСПЕДИЦИЯ ЗАВИДОВО""";6949108979;Якубжанова Екатерина (3);5;7100;;;3;5500;2;1600;;;2160;4940; 69.58
214;"ООО ""ЭКСПОЛАЙН""";7730187072;Боташева (1);1;2600;;;1;2600;;;;;2060;540; 20.77
215;"ООО ""ЭЛЕКТРООПТИМА""";1659161058;Якубжанова Екатерина (3);1;2200;1;2200;;;;;;;0;2200; 100.00
216;"ООО ""ЭЛИН""";5903080380;Якубжанова Екатерина (3);1;2200;1;2200;;;;;;;0;2200; 100.00
217;"ООО ""ЭНЕРГОСТРОЙМОНТАЖ""";7814492026;Якубжанова Екатерина (3);2;1600;;;;;;;2;1600;0;1600; 100.00
218;"ООО ""ЭНЕРТЕСТ""";7716741740;Якубжанова Екатерина (3);3;6000;3;6000;;;;;;;0;6000; 100.00
219;"ООО ""ЭСТЕТ КЛИНИК""";7716790899;Боташева (1);1;3500;;;1;3500;;;;;2180;1320; 37.71
220;"ООО ""ЯМСКОЕ ПОЛЕ""";7723786981;Якубжанова Екатерина (3);3;6200;2;4400;;;1;1800;;;0;6200; 100.00
221;Посольство Кубы в Москве;1008572229;Якубжанова Екатерина (3);114;106300;;;;;;;114;106300;20350;85950; 80.86
222;Посольство Якутии;;Якубжанова Екатерина (3);38;47500;;;;;;;38;47500;20900;26600; 56.00
223;Пост Кредит;;;270;24010797.06;;;;;;;270;24010797.06;#Н/Д;#Н/Д;
224;РНКБ БАНК (ПАО);7701105460;Якубжанова Екатерина (3);10;16900;;;;;1;2500;9;14400;#Н/Д;#Н/Д;
225;САО «ВСК»;7710026574;КостиковаА (911);1;2500;;;;;;;1;2500;0;2500; 100.00
226;"ТСЖ ""АНОХИНА""";7729428630;Якубжанова Екатерина (3);10;;5;;5;;;;;;6160;-6160;
227;ФГБУ ВНИИ ГОЧС (ФЦ);7731202277;Якубжанова Екатерина (3);4;6800;;;4;6800;;;;;4000;2800; 41.18
228;"ФИЛИАЛ ОБЩЕСТВА С ОГРАНИЧЕННОЙ ОТВЕТСТВЕННОСТЬЮ ""ГАЗИНФОРМСЕРВИС"" В Г.МОСКВЕ";7838017968;Боташева (1);1;1800;1;1800;;;;;;;0;1800; 100.00
229;ФИЦ ИУ РАН;7736051896;Якубжанова Екатерина (3);5;;5;;;;;;;;0;0;
230;"ФОНД ""БАЙТИК""";5046055330;Боташева (1);11;26600;;;11;26600;;;;;21660;4940; 18.57
231;ФОНД ЮРИЯ И МАРИНЫ ШАМАРА;9725054088;Якубжанова Екатерина (3);1;2200;1;2200;;;;;;;0;2200; 100.00
232;ФХР;7704031008;Якубжанова Екатерина (3);2;4400;2;4400;;;;;;;0;4400; 100.00
233;Частное учреждение дополнительного образования  «Форс Ведда»;5260986828;Артемова (9);1;1700;;;1;1700;;;;;900;800; 47.06
234;"ЧУДО ""ДРАКОША""";7733332970;Якубжанова Екатерина (3);67;42200;;;66;40700;1;1500;;;53110;-10910;- 25.85
235;"эквипООО ""ЭТС""";7714643384;Боташева (1);4;10000;4;10000;;;;;;;0;10000; 100.00
236;Яндекс.Еда;;Якубжанова Екатерина (3);6;17440;;;6;17440;;;;;13200;4240; 24.31
;ИТОГО:;;;5137;32611767.06;2385;3944300;1566;3336195;634;785900;552;24545372.06;2034076.65;3020233.35;
;;;;;;;;;;;;;;;;
;;;;;;;;;;;;;;;;
;Администратор __________________ Бурина А.;;;;;;;;;;;;;;;
